{"cameraMode":{"drawMode":0,"name":"Shaded","section":"Shading Mode"},"sceneLighting":true,"audioPlay":false,"sceneViewState":{"m_AlwaysRefresh":false,"showFog":true,"showSkybox":true,"showFlares":true,"showImageEffects":true,"showParticleSystems":true,"showVisualEffectGraphs":true,"m_FxEnabled":true},"in2DMode":false,"pivot":{"x":24.039897918701173,"y":27.549518585205079,"z":-21.16885757446289},"rotation":{"x":-0.004742000252008438,"y":-0.9964964985847473,"z":0.07330842316150665,"w":-0.04792408272624016},"size":553.5551147460938,"orthographic":false}